[{"id": "e7798fb926b9403cfcd2",
    "docid": "APW_ENG_20101103.0539",
    "relation": "per:title",
    "token": ["At", "the", "same", "time", ",", "Chief", "Financial", "Officer", "Douglas", "Flint", "will", "become", "chairman", ",", "succeeding", "Stephen", "Green", "who", "is", "leaving", "to", "take", "a", "government", "job", "."],
    "subj_start": 8,
    "subj_end": 9,
    "obj_start": 12,
    "obj_end": 12,
    "subj_type": "PERSON",
    "obj_type": "TITLE",
    "stanford_pos": ["IN", "DT", "JJ", "NN", ",", "NNP", "NNP", "NNP", "NNP", "NNP", "MD", "VB", "NN", ",", "VBG", "NNP", "NNP", "WP", "VBZ", "VBG", "TO", "VB", "DT", "NN", "NN", "."],
    "stanford_ner": ["O", "O", "O", "O", "O", "O", "O", "O", "PERSON", "PERSON", "O", "O", "O", "O", "O", "PERSON", "PERSON", "O", "O", "O", "O", "O", "O", "O", "O", "O"],
    "stanford_head": [4, 4, 4, 12, 12, 10, 10, 10, 10, 12, 12, 0, 12, 12, 12, 17, 15, 20, 20, 17, 22, 20, 25, 25, 22, 12],
    "stanford_deprel": ["case", "det", "amod", "nmod", "punct", "compound", "compound", "compound", "compound", "nsubj", "aux", "ROOT", "xcomp", "punct", "xcomp", "compound", "dobj", "nsubj", "aux", "acl:relcl", "mark", "xcomp", "det", "compound", "dobj", "punct"]
    }]